inferencex_hardware,canonical_hardware_id,epoch_hardware_name,match_type,match_confidence,mapping_status,ambiguity,evidence,notes,source,source_snapshot
b200,epoch_hardware:nvidia-b200,NVIDIA B200,exact_hardware_label,high,accepted,False,Exact normalized accelerator label; Epoch note states performance is per individual GPU.,Accepted as the Epoch B200 individual-GPU record.,InferenceX config_hardware -> Epoch AI ml_hardware.csv,2026-08-20
b300,epoch_hardware:nvidia-b300-blackwell-ultra,NVIDIA B300 (Blackwell Ultra),exact_hardware_label,high,accepted,False,Exact B300 family label; Epoch identifies the individual GPU rather than a system aggregate.,Accepted as the Epoch B300 individual-GPU record.,InferenceX config_hardware -> Epoch AI ml_hardware.csv,2026-08-20
gb200,epoch_hardware:nvidia-gb200,NVIDIA GB200,exact_hardware_label,high,accepted,False,Exact normalized GB200 label; Epoch note records per-GPU capabilities.,Accepted as the Epoch GB200 per-GPU descriptor.,InferenceX config_hardware -> Epoch AI ml_hardware.csv,2026-08-20
gb300,epoch_hardware:nvidia-gb300-blackwell-ultra,NVIDIA GB300 (Blackwell Ultra),exact_hardware_label,high,accepted,False,Exact GB300 family label; Epoch distinguishes the system name from per-GPU figures.,Accepted as the Epoch GB300 per-GPU descriptor.,InferenceX config_hardware -> Epoch AI ml_hardware.csv,2026-08-20
h100,,NVIDIA H100 NVL; NVIDIA H100 PCIe; NVIDIA H100 SXM5 80GB,unresolved_variant,unresolved,unresolved,True,"InferenceX records only `h100`; Epoch exposes materially distinct NVL, PCIe, and SXM5 records.",No per-row join until repository provenance resolves form factor and memory/NVLink variant.,InferenceX config_hardware -> Epoch AI ml_hardware.csv,2026-08-20
h200,,NVIDIA H200 SXM,unresolved_variant,unresolved,unresolved,True,InferenceX records only `h200`; its configuration provenance does not establish the Epoch SXM form factor.,A single current Epoch candidate does not prove that every InferenceX H200 operating point is SXM.,InferenceX config_hardware -> Epoch AI ml_hardware.csv,2026-08-20
mi300x,epoch_hardware:amd-instinct-mi300x,AMD Instinct MI300X,exact_hardware_label,high,accepted,False,Exact normalized MI300X accelerator name.,Accepted.,InferenceX config_hardware -> Epoch AI ml_hardware.csv,2026-08-20
mi325x,epoch_hardware:amd-instinct-mi325x,AMD Instinct MI325X,exact_hardware_label,high,accepted,False,Exact normalized MI325X accelerator name.,Accepted.,InferenceX config_hardware -> Epoch AI ml_hardware.csv,2026-08-20
mi355x,epoch_hardware:amd-instinct-mi355x,AMD Instinct MI355X,exact_hardware_label,high,accepted,False,Exact normalized MI355X accelerator name.,Accepted.,InferenceX config_hardware -> Epoch AI ml_hardware.csv,2026-08-20
