config_id,benchmark_type,isl,osl,conc,workers,offload_mode,metrics_tput_per_gpu,config_hardware,config_framework,config_model,config_precision,config_spec_method,config_disagg,config_is_multinode,config_prefill_tp,config_prefill_ep,config_prefill_dp_attention,config_prefill_num_workers,config_decode_tp,config_decode_ep,config_decode_dp_attention,config_decode_num_workers,config_num_prefill_gpu,config_num_decode_gpu,hardware_mapping_status
878,agentic_traces,,,1,,off,1121.10261,b300,sglang,dsv4,fp4,none,f,f,8,1,f,0,8,1,f,0,8,8,accepted
992,agentic_traces,,,1,,off,1057.48929,mi355x,sglang,dsv4,fp4,none,f,f,8,1,f,0,8,1,f,0,8,8,accepted
1,single_turn,1024.0,1024.0,4,,off,316.0013008141509,h200,trt,llama70b,fp8,none,f,f,2,1,f,0,2,1,f,0,2,2,unresolved
2,single_turn,1024.0,1024.0,4,,off,444.2851938681698,mi355x,vllm,llama70b,fp8,none,f,f,1,1,f,0,1,1,f,0,1,1,accepted
8,single_turn,1024.0,1024.0,4,,off,521.5762793779038,b200,trt,llama70b,fp8,none,f,f,1,1,f,0,1,1,f,0,1,1,accepted
9,single_turn,8192.0,1024.0,8,,off,1756.174041264077,mi355x,vllm,llama70b,fp8,none,f,f,2,1,f,0,2,1,f,0,2,2,accepted
202,single_turn,1024.0,1024.0,1,,off,79.58033288587954,b200,sglang,dsr1,fp4,none,f,f,4,4,f,0,4,4,f,0,16,16,accepted
205,single_turn,1024.0,1024.0,512,,off,3791.2874320593014,gb200,dynamo-trt,dsr1,fp4,none,t,f,20,1,f,0,20,1,f,0,20,20,accepted
286,single_turn,1024.0,1024.0,8192,,off,14773.406591974772,b300,dynamo-trt,dsr1,fp4,none,t,t,2,2,t,3,8,8,t,1,6,8,accepted
547,single_turn,1024.0,1024.0,32,,off,216.43516742227152,b200,dynamo-sglang,dsr1,fp4,mtp,t,t,4,4,t,1,8,8,f,6,4,48,accepted
547,single_turn,1024.0,1024.0,64,,off,365.2353833307339,b200,dynamo-sglang,dsr1,fp4,mtp,t,t,4,4,t,1,8,8,f,6,4,48,accepted
547,single_turn,1024.0,1024.0,256,,off,972.4408707935236,b200,dynamo-sglang,dsr1,fp4,mtp,t,t,4,4,t,1,8,8,f,6,4,48,accepted
547,single_turn,1024.0,1024.0,512,,off,1487.576804735218,b200,dynamo-sglang,dsr1,fp4,mtp,t,t,4,4,t,1,8,8,f,6,4,48,accepted
717,single_turn,1024.0,1024.0,1,,off,82.82754472207874,b300,sglang,dsr1,fp4,none,f,f,4,4,f,0,4,4,f,0,16,16,accepted
878,single_turn,1024.0,1024.0,1,,off,20.44355666946449,b300,sglang,dsv4,fp4,none,f,f,8,1,f,0,8,1,f,0,8,8,accepted
880,single_turn,1024.0,1024.0,1,,off,24.16406785628306,b200,sglang,dsv4,fp4,none,f,f,8,1,f,0,8,1,f,0,8,8,accepted
902,single_turn,1024.0,1024.0,1,,off,31.428532933118177,b300,sglang,dsv4,fp4,mtp,f,f,8,1,f,0,8,1,f,0,8,8,accepted
992,single_turn,1024.0,1024.0,1,,off,13.493906467898029,mi355x,sglang,dsv4,fp4,none,f,f,8,1,f,0,8,1,f,0,8,8,accepted
1255,single_turn,1024.0,1024.0,1,,off,26.082869131698484,mi355x,sglang,dsv4,fp4,mtp,f,f,8,1,f,0,8,1,f,0,8,8,accepted
1608,single_turn,1024.0,1024.0,1,,off,46.41247920789189,gb300,dynamo-vllm,minimaxm3,fp8,none,t,t,2,2,t,1,4,1,f,1,2,4,accepted
1638,single_turn,1024.0,1024.0,1,,off,40.519437031248465,gb200,dynamo-sglang,qwen3.5,fp8,none,t,t,4,1,f,1,4,1,f,1,4,4,accepted
1655,single_turn,1024.0,1024.0,1,,off,49.305281590842256,b300,dynamo-vllm,minimaxm3,fp8,none,t,t,2,2,t,1,4,1,f,1,2,4,accepted
1968,single_turn,1024.0,1024.0,1,,off,48.03230328317508,gb300,dynamo-sglang,qwen3.5,fp8,none,t,t,4,1,f,1,4,1,f,1,4,4,accepted
